{
    "0": {
        "BoxCollider2D": {
            "colliderData": {
                "density": 1.0,
                "friction": 0.6000000238418579,
                "restitution": 0.0
            },
            "size": {
                "x": 1.0,
                "y": 1.0
            }
        },
        "BoxRender": {
            "color": {
                "w": 1.0,
                "x": 1.0,
                "y": 1.0,
                "z": 1.0
            },
            "size": {
                "x": 1.0,
                "y": 1.0
            }
        },
        "RigidBody2D": {
            "fixRotation": false,
            "type": "Dynamic"
        },
        "Transform": {
            "position": {
                "x": 0.20803554356098175,
                "y": -0.3458121418952942,
                "z": 0.0
            },
            "rotation": {
                "x": -0.0,
                "y": 0.0,
                "z": 0.001527269254438579
            },
            "scaling": {
                "x": 0.130000039935112,
                "y": 0.130000039935112,
                "z": 0.1358325481414795
            }
        }
    },
    "2097153": {
        "BoxCollider2D": {
            "colliderData": {
                "density": 1.0,
                "friction": 0.6000000238418579,
                "restitution": 0.0
            },
            "size": {
                "x": 1.0,
                "y": 1.0
            }
        },
        "BoxRender": {
            "color": {
                "w": 1.0,
                "x": 1.0,
                "y": 1.0,
                "z": 1.0
            },
            "size": {
                "x": 1.0,
                "y": 1.0
            }
        },
        "RigidBody2D": {
            "fixRotation": false,
            "type": "Dynamic"
        },
        "Transform": {
            "position": {
                "x": 0.03818700090050697,
                "y": -0.3456987142562866,
                "z": 0.0
            },
            "rotation": {
                "x": -0.0,
                "y": 0.0,
                "z": -0.0005957409739494324
            },
            "scaling": {
                "x": 0.130000039935112,
                "y": 0.130000039935112,
                "z": 0.1358325481414795
            }
        }
    },
    "2097154": {
        "BoxCollider2D": {
            "colliderData": {
                "density": 1.0,
                "friction": 0.6000000238418579,
                "restitution": 0.0
            },
            "size": {
                "x": 1.0,
                "y": 1.0
            }
        },
        "BoxRender": {
            "color": {
                "w": 1.0,
                "x": 0.45622122287750244,
                "y": 0.45622122287750244,
                "z": 0.45622122287750244
            },
            "size": {
                "x": 1.0,
                "y": 1.0
            }
        },
        "RigidBody2D": {
            "fixRotation": true,
            "type": "Static"
        },
        "Transform": {
            "position": {
                "x": -0.02179996855556965,
                "y": -0.41544032096862793,
                "z": -5.960464477539063e-08
            },
            "rotation": {
                "x": -0.0,
                "y": 0.0,
                "z": -0.0
            },
            "scaling": {
                "x": 1.6534422636032104,
                "y": 0.009793221019208431,
                "z": 1.0
            }
        }
    },
    "3": {
        "BoxCollider2D": {
            "colliderData": {
                "density": 1.0,
                "friction": 0.6000000238418579,
                "restitution": 0.0
            },
            "size": {
                "x": 1.0,
                "y": 1.0
            }
        },
        "BoxRender": {
            "color": {
                "w": 1.0,
                "x": 1.0,
                "y": 1.0,
                "z": 1.0
            },
            "size": {
                "x": 1.0,
                "y": 1.0
            }
        },
        "RigidBody2D": {
            "fixRotation": false,
            "type": "Dynamic"
        },
        "Transform": {
            "position": {
                "x": 0.12278226017951965,
                "y": -0.21622134745121002,
                "z": 0.0
            },
            "rotation": {
                "x": -0.0,
                "y": 0.0,
                "z": -0.0009928041836246848
            },
            "scaling": {
                "x": 0.130000039935112,
                "y": 0.130000039935112,
                "z": 0.1358325481414795
            }
        }
    },
    "4": {
        "BoxCollider2D": {
            "colliderData": {
                "density": 1.0,
                "friction": 0.6000000238418579,
                "restitution": 0.0
            },
            "size": {
                "x": 1.0,
                "y": 1.0
            }
        },
        "BoxRender": {
            "color": {
                "w": 1.0,
                "x": 1.0,
                "y": 1.0,
                "z": 1.0
            },
            "size": {
                "x": 1.0,
                "y": 1.0
            }
        },
        "RigidBody2D": {
            "fixRotation": false,
            "type": "Dynamic"
        },
        "Transform": {
            "position": {
                "x": 0.3754415214061737,
                "y": -0.34573984146118164,
                "z": 0.0
            },
            "rotation": {
                "x": -0.0,
                "y": 0.0,
                "z": 0.00014081134577281773
            },
            "scaling": {
                "x": 0.130000039935112,
                "y": 0.130000039935112,
                "z": 0.1358325481414795
            }
        }
    },
    "5": {
        "BoxCollider2D": {
            "colliderData": {
                "density": 1.0,
                "friction": 0.6000000238418579,
                "restitution": 0.0
            },
            "size": {
                "x": 1.0,
                "y": 1.0
            }
        },
        "BoxRender": {
            "color": {
                "w": 1.0,
                "x": 1.0,
                "y": 1.0,
                "z": 1.0
            },
            "size": {
                "x": 1.0,
                "y": 1.0
            }
        },
        "RigidBody2D": {
            "fixRotation": false,
            "type": "Dynamic"
        },
        "Transform": {
            "position": {
                "x": 0.29473134875297546,
                "y": -0.21620231866836548,
                "z": 0.0
            },
            "rotation": {
                "x": -0.0,
                "y": 0.0,
                "z": 0.0021277512423694134
            },
            "scaling": {
                "x": 0.130000039935112,
                "y": 0.130000039935112,
                "z": 0.1358325481414795
            }
        }
    },
    "6": {
        "BoxCollider2D": {
            "colliderData": {
                "density": 1.0,
                "friction": 0.6000000238418579,
                "restitution": 0.0
            },
            "size": {
                "x": 1.0,
                "y": 1.0
            }
        },
        "BoxRender": {
            "color": {
                "w": 1.0,
                "x": 1.0,
                "y": 1.0,
                "z": 1.0
            },
            "size": {
                "x": 1.0,
                "y": 1.0
            }
        },
        "RigidBody2D": {
            "fixRotation": false,
            "type": "Dynamic"
        },
        "Transform": {
            "position": {
                "x": 0.2050786018371582,
                "y": -0.08660006523132324,
                "z": 0.0
            },
            "rotation": {
                "x": -0.0,
                "y": 0.0,
                "z": 4.7928562707966194e-05
            },
            "scaling": {
                "x": 0.130000039935112,
                "y": 0.130000039935112,