{
    "10": {
        "BoxCollider2D": {
            "colliderData": {
                "density": 1.0,
                "friction": 0.6000000238418579,
                "restitution": 0.0
            },
            "size": {
                "x": 1.0,
                "y": 1.0
            }
        },
        "BoxRender": {
            "color": {
                "w": 1.0,
                "x": 1.0,
                "y": 1.0,
                "z": 1.0
            },
            "size": {
                "x": 1.0,
                "y": 1.0
            }
        },
        "RigidBody2D": {
            "fixRotation": false,
            "type": "Dynamic"
        },
        "Transform": {
            "position": {
                "x": 0.20803554356098175,
                "y": -0.3458121418952942,
                "z": 0.0
            },
            "rotation": {
                "x": -0.0,
                "y": 0.0,
                "z": 0.001527269254438579
            },
            "scaling": {
                "x": 0.130000039935112,
                "y": 0.130000039935112,
                "z": 0.1358325481414795
            }
        }
    },
    "11": {
        "BoxCollider2D": {
            "colliderData": {
                "density": 1.0,
                "friction": 0.6000000238418579,
                "restitution": 0.0
            },
            "size": {
                "x": 1.0,
                "y": 1.0
            }
        },
        "BoxRender": {
            "color": {
                "w": 1.0,
                "x": 0.6752501726150513,
                "y": 0.7680000066757202,
                "z": 0.4546560049057007
            },
            "size": {
                "x": 1.0,
                "y": 1.0
            }
        },
        "RigidBody2D": {
            "fixRotation": true,
            "type": "Static"
        },
        "Transform": {
            "position": {
                "x": -1.103941559791565,
                "y": -0.10140441358089447,
                "z": -5.960463766996327e-08
            },
            "rotation": {
                "x": -0.0,
                "y": 0.0,
                "z": -0.6485514044761658
            },
            "scaling": {
                "x": 0.6542579531669617,
                "y": 0.03888312354683876,
                "z": 1.0
            }
        }
    },
    "12": {
        "BoxCollider2D": {
            "colliderData": {
                "density": 1.0,
                "friction": 0.6000000238418579,
                "restitution": 0.0
            },
            "size": {
                "x": 1.0,
                "y": 1.0
            }
        },
        "BoxRender": {
            "color": {
                "w": 1.0,
                "x": 0.6752501726150513,
                "y": 0.7680000066757202,
                "z": 0.4546560049057007
            },
            "size": {
                "x": 1.0,
                "y": 1.0
            }
        },
        "RigidBody2D": {
            "fixRotation": true,
            "type": "Static"
        },
        "Transform": {
            "position": {
                "x": -0.6825423240661621,
                "y": -0.34962597489356995,
                "z": -5.960463766996327e-08
            },
            "rotation": {
                "x": -0.0,
                "y": 0.0,
                "z": -0.3384944200515747
            },
            "scaling": {
                "x": 0.3960192799568176,
                "y": 0.03888312354683876,
                "z": 1.0
            }
        }
    },
    "13": {
        "BoxCollider2D": {
            "colliderData": {
                "density": 1.0,
                "friction": 0.6000000238418579,
                "restitution": 0.0
            },
            "size": {
                "x": 1.0,
                "y": 1.0
            }
        },
        "BoxRender": {
            "color": {
                "w": 1.0,
                "x": 0.6752501726150513,
                "y": 0.7680000066757202,
                "z": 0.4546560049057007
            },
            "size": {
                "x": 1.0,
                "y": 1.0
            }
        },
        "RigidBody2D": {
            "fixRotation": true,
            "type": "Static"
        },
        "Transform": {
            "position": {
                "x": -0.311172217130661,
                "y": -0.42274537682533264,
                "z": -5.960463766996327e-08
            },
            "rotation": {
                "x": -0.0,
                "y": 0.0,
                "z": -0.07696596533060074
            },
            "scaling": {
                "x": 0.46014663577079773,
                "y": 0.03888310119509697,
                "z": 1.0
            }
        }
    },
    "14": {
        "BoxCollider2D": {
            "colliderData": {
                "density": 1.0,
                "friction": 0.6000000238418579,
                "restitution": 0.0
            },
            "size": {
                "x": 1.0,
                "y": 1.0
            }
        },
        "BoxRender": {
            "color": {
                "w": 1.0,
                "x": 0.6752501726150513,
                "y": 0.7680000066757202,
                "z": 0.4546560049057007
            },
            "size": {
                "x": 1.0,
                "y": 1.0
            }
        },
        "RigidBody2D": {
            "fixRotation": true,
            "type": "Static"
        },
        "Transform": {
            "position": {
                "x": -1.4965944290161133,
                "y": 0.32069459557533264,
                "z": -5.9604641222676946e-08
            },
            "rotation": {
                "x": -0.0,
                "y": 0.0,
                "z": -1.0257351398468018
            },
            "scaling": {
                "x": 0.5542667508125305,
                "y": 0.03888309746980667,
                "z": 1.0
            }
        }
    },
    "2097153": {
        "BoxCollider2D": {
            "colliderData": {
                "density": 1.0,
                "friction": 0.6000000238418579,
                "restitution": 0.0
            },
            "size": {
                "x": 1.0,
                "y": 1.0
            }
        },
        "BoxRender": {
            "color": {
                "w": 1.0,
                "x": 1.0,
                "y": 1.0,
                "z": 1.0
            },
            "size": {
                "x": 1.0,
                "y": 1.0
            }
        },
        "RigidBody2D": {
            "fixRotation": false,
            "type": "Dynamic"
        },
        "Transform": {
            "position": {
                "x": 0.03818700090050697,
                "y": -0.3456987142562866,
                "z": 0.0
            },
            "rotation": {
                "x": -0.0,
                "y": 0.0,
                "z": -0.0005957409739494324
            },
            "scaling": {
                "x": 0.130000039935112,
                "y": 0.130000039935112,
                "z": 0.1358325481414795
            }
        }
    },
    "3": {
        "BoxCollider2D": {
            "colliderData": {
                "density": 1.0,
                "friction": 0.6000000238418579,
                "restitution": 0.0
            },
            "size": {
                "x": 1.0,
                "y": 1.0
            }
        },
        "BoxRender": {
            "color": {
                "w": 1.0,
                "x": 1.0,
                "y": 1.0,
                "z": 1.0
            },
            "size": {
                "x": 1.0,
                "y": 1.0
            }
        },
        "RigidBody2D": {
            "fixRotation": false,
            "type": "Dynamic"
        },
        "Transform": {
            "position": {
                "x": 0.12278226017951965,
                "y": -0.21622134745121002,
                "z": 0.0
            },
            "rotation": {
                "x": -0.0,
                "y": 0.0,