{
    "0": {
        "BoxRender": {
            "color": {
                "w": 1.0,
                "x": 1.0,
                "y": 1.0,
                "z": 1.0
            },
            "size": {
                "x": 1.0,
                "y": 1.0
            }
        },
        "Tag": {
            "name": "Test"
        },
        "Transform": {
            "position": {
                "x": -0.575917661190033,
                "y": 0.011014847084879875,
                "z": 0.0
            },
            "rotation": {
                "x": -0.0,
                "y": 0.0,
                "z": -0.0
            },
            "scaling": {
                "x": 0.2800000011920929,
                "y": 0.46552154421806335,
                "z": 0.2800000011920929
            }
        }
    },
    "scene name": "MonoTestScene"
}