{
    "0": {
        "FlipbookRender": {
            "asset name": "soldier_moving",
            "color": {
                "w": 1.0,
                "x": 1.0,
                "y": 1.0,
                "z": 1.0
            },
            "playbackSpeed": 1.0
        },
        "Tag": {
            "name": "soldier"
        },
        "Transform": {
            "position": {
                "x": 0.28554126620292664,
                "y": -0.33909207582473755,
                "z": 0.0
            },
            "rotation": {
                "x": -0.0,
                "y": 0.0,
                "z": -0.0
            },
            "scaling": {
                "x": 2.0900001525878906,
                "y": 2.0900001525878906,
                "z": 2.0900001525878906
            }
        }
    },
    "scene name": "MonoTestScene"
}